Order_ID,Order_Date,Product_ID,Product_Name,Category,Supplier_ID,Store_ID,City,Customer_Type,Payment_Method,Quantity,Unit_Cost,Unit_Price,Discount_%,Sales,Cost,Profit
O0001,07-12-2025,P009,Cupboard,Furniture,S004,ST002,Hubli,New,Cash,3,15000,18000,0,54000,45000,9000
O0002,20-04-2025,P001,Laptop,Electronics,S001,ST001,Bangalore,New,Card,5,48000,55000,0,275000,240000,35000
O0003,24-10-2025,P008,Sofa,Furniture,S007,ST003,Mysore,New,Card,8,21000,25000,0,200000,168000,32000
O0004,25-03-2025,P006,Office Chair,Furniture,S004,ST002,Mysore,Regular,Card,1,2800,3500,15,2975,2800,175
O0005,25-09-2025,P003,Keyboard,Electronics,S002,ST003,Mysore,New,Card,2,1100,1500,10,2700,2200,500
O0006,29-08-2025,P001,Laptop,Electronics,S001,ST002,Mangalore,New,Card,4,48000,55000,5,209000,192000,17000
O0007,24-02-2025,P007,Office Table,Furniture,S005,ST003,Bangalore,New,Cash,1,6500,8000,10,7200,6500,700
O0008,16-05-2025,P003,Keyboard,Electronics,S002,ST003,Mangalore,Regular,Cash,3,1100,1500,0,4500,3300,1200
O0009,28-07-2025,P006,Office Chair,Furniture,S004,ST001,Chennai,New,Card,10,2800,3500,15,29750,28000,1750
O0010,22-03-2025,P010,Pen Drive,Electronics,S008,ST002,Mangalore,Regular,UPI,2,500,800,0,1600,1000,600
O0011,06-04-2025,P007,Office Table,Furniture,S005,ST003,Chennai,Regular,Cash,6,6500,8000,15,40800,39000,1800
O0012,11-01-2025,P001,Laptop,Electronics,S001,ST002,Hyderabad,New,Card,1,48000,55000,5,52250,48000,4250
O0013,08-12-2025,P006,Office Chair,Furniture,S004,ST001,Mangalore,Regular,Card,4,2800,3500,10,12600,11200,1400
O0014,10-07-2025,P003,Keyboard,Electronics,S002,ST002,Hubli,Regular,Card,10,1100,1500,10,13500,11000,2500
O0015,30-08-2025,P006,Office Chair,Furniture,S004,ST002,Hyderabad,Regular,Cash,4,2800,3500,5,13300,11200,2100
O0016,04-10-2025,P009,Cupboard,Furniture,S004,ST002,Mysore,New,UPI,5,15000,18000,10,81000,75000,6000
O0017,29-09-2025,P009,Cupboard,Furniture,S004,ST002,Hubli,New,UPI,2,15000,18000,0,36000,30000,6000
O0018,16-07-2025,P002,Mouse,Electronics,S002,ST002,Chennai,New,UPI,10,450,700,0,7000,4500,2500
O0019,25-06-2025,P004,Monitor,Electronics,S006,ST003,Bangalore,Regular,UPI,5,11800,14000,0,70000,59000,11000
O0020,15-04-2025,P008,Sofa,Furniture,S007,ST002,Mangalore,Regular,Cash,7,21000,25000,15,148750,147000,1750
O0021,12-02-2025,P006,Office Chair,Furniture,S004,ST002,Hubli,New,Cash,4,2800,3500,0,14000,11200,2800
O0022,24-04-2025,P001,Laptop,Electronics,S001,ST001,Hubli,Regular,UPI,8,48000,55000,15,374000,384000,-10000
O0023,11-06-2025,P010,Pen Drive,Electronics,S008,ST003,Hubli,Regular,Card,4,500,800,10,2880,2000,880
O0024,19-03-2025,P002,Mouse,Electronics,S002,ST003,Mysore,New,UPI,4,450,700,15,2380,1800,580
O0025,14-07-2025,P008,Sofa,Furniture,S007,ST003,Mangalore,Regular,Cash,8,21000,25000,5,190000,168000,22000
O0026,02-02-2025,P002,Mouse,Electronics,S002,ST003,Hubli,New,Card,6,450,700,10,3780,2700,1080
O0027,23-07-2025,P007,Office Table,Furniture,S005,ST002,Mangalore,Regular,Cash,4,6500,8000,15,27200,26000,1200
O0028,02-09-2025,P004,Monitor,Electronics,S006,ST003,Bangalore,Regular,Cash,8,11800,14000,15,95200,94400,800
O0029,30-01-2025,P010,Pen Drive,Electronics,S008,ST003,Hubli,New,Cash,5,500,800,15,3400,2500,900
O0030,08-02-2025,P003,Keyboard,Electronics,S002,ST002,Hyderabad,New,Card,3,1100,1500,10,4050,3300,750
O0031,01-06-2025,P004,Monitor,Electronics,S006,ST002,Chennai,Regular,UPI,2,11800,14000,5,26600,23600,3000
O0032,03-08-2025,P003,Keyboard,Electronics,S002,ST001,Hyderabad,Regular,UPI,9,1100,1500,10,12150,9900,2250
O0033,02-03-2025,P002,Mouse,Electronics,S002,ST002,Bangalore,New,UPI,2,450,700,0,1400,900,500
O0034,13-09-2025,P006,Office Chair,Furniture,S004,ST002,Chennai,Regular,Card,8,2800,3500,10,25200,22400,2800
O0035,09-09-2025,P009,Cupboard,Furniture,S004,ST003,Mangalore,Regular,Cash,1,15000,18000,5,17100,15000,2100
O0036,28-02-2025,P001,Laptop,Electronics,S001,ST002,Hubli,New,Card,4,48000,55000,5,209000,192000,17000
O0037,15-06-2025,P004,Monitor,Electronics,S006,ST002,Bangalore,New,Cash,1,11800,14000,0,14000,11800,2200
O0038,09-02-2025,P007,Office Table,Furniture,S005,ST003,Hubli,Regular,Cash,2,6500,8000,15,13600,13000,600
O0039,12-12-2025,P005,Printer,Electronics,S003,ST002,Hubli,Regular,Cash,6,9800,12000,15,61200,58800,2400
O0040,09-01-2025,P003,Keyboard,Electronics,S002,ST002,Mysore,Regular,Card,1,1100,1500,0,1500,1100,400
O0041,26-06-2025,P009,Cupboard,Furniture,S004,ST002,Chennai,New,UPI,5,15000,18000,10,81000,75000,6000
O0042,08-08-2025,P005,Printer,Electronics,S003,ST001,Bangalore,New,Cash,6,9800,12000,0,72000,58800,13200
O0043,01-10-2025,P005,Printer,Electronics,S003,ST001,Bangalore,New,Cash,5,9800,12000,0,60000,49000,11000
O0044,13-02-2025,P009,Cupboard,Furniture,S004,ST001,Bangalore,Regular,Card,7,15000,18000,15,107100,105000,2100
O0045,19-06-2025,P007,Office Table,Furniture,S005,ST003,Mangalore,New,UPI,9,6500,8000,0,72000,58500,13500
O0046,22-06-2025,P005,Printer,Electronics,S003,ST002,Mangalore,New,UPI,7,9800,12000,5,79800,68600,11200
O0047,01-03-2025,P001,Laptop,Electronics,S001,ST001,Hyderabad,Regular,UPI,3,48000,55000,10,148500,144000,4500
O0048,12-03-2025,P010,Pen Drive,Electronics,S008,ST001,Hyderabad,Regular,Card,2,500,800,15,1360,1000,360
O0049,20-02-2025,P007,Office Table,Furniture,S005,ST003,Hyderabad,Regular,UPI,7,6500,8000,10,50400,45500,4900
O0050,09-04-2025,P007,Office Table,Furniture,S005,ST002,Hyderabad,New,Card,1,6500,8000,0,8000,6500,1500
O0051,05-08-2025,P008,Sofa,Furniture,S007,ST001,Hyderabad,Regular,UPI,8,21000,25000,15,170000,168000,2000
O0052,10-11-2025,P002,Mouse,Electronics,S002,ST003,Mysore,New,Cash,10,450,700,0,7000,4500,2500
O0053,19-02-2025,P005,Printer,Electronics,S003,ST001,Hubli,New,UPI,3,9800,12000,15,30600,29400,1200
O0054,07-05-2025,P002,Mouse,Electronics,S002,ST001,Chennai,Regular,Card,4,450,700,5,2660,1800,860
O0055,11-07-2025,P009,Cupboard,Furniture,S004,ST002,Chennai,Regular,Cash,4,15000,18000,0,72000,60000,12000
O0056,02-11-2025,P007,Office Table,Furniture,S005,ST001,Mangalore,New,UPI,4,6500,8000,15,27200,26000,1200
O0057,25-10-2025,P004,Monitor,Electronics,S006,ST003,Hubli,Regular,Card,3,11800,14000,15,35700,35400,300
O0058,11-05-2025,P010,Pen Drive,Electronics,S008,ST001,Mysore,New,UPI,2,500,800,10,1440,1000,440
O0059,16-11-2025,P009,Cupboard,Furniture,S004,ST002,Bangalore,Regular,Card,4,15000,18000,5,68400,60000,8400
O0060,20-04-2025,P010,Pen Drive,Electronics,S008,ST002,Hubli,New,Cash,8,500,800,15,5440,4000,1440
O0061,17-03-2025,P001,Laptop,Electronics,S001,ST002,Mysore,New,Card,9,48000,55000,0,495000,432000,63000
O0062,20-11-2025,P002,Mouse,Electronics,S002,ST001,Bangalore,Regular,Card,10,450,700,5,6650,4500,2150
O0063,30-05-2025,P006,Office Chair,Furniture,S004,ST001,Mangalore,New,Card,1,2800,3500,10,3150,2800,350
O0064,27-02-2025,P009,Cupboard,Furniture,S004,ST001,Mysore,Regular,UPI,10,15000,18000,5,171000,150000,21000
O0065,30-06-2025,P006,Office Chair,Furniture,S004,ST003,Hyderabad,New,Card,2,2800,3500,5,6650,5600,1050
O0066,22-10-2025,P004,Monitor,Electronics,S006,ST002,Mysore,Regular,Cash,2,11800,14000,5,26600,23600,3000
O0067,26-01-2025,P001,Laptop,Electronics,S001,ST001,Mysore,Regular,Cash,8,48000,55000,10,396000,384000,12000
O0068,28-03-2025,P004,Monitor,Electronics,S006,ST001,Mangalore,Regular,Card,2,11800,14000,15,23800,23600,200
O0069,26-07-2025,P005,Printer,Electronics,S003,ST002,Chennai,Regular,Card,4,9800,12000,0,48000,39200,8800
O0070,14-01-2025,P006,Office Chair,Furniture,S004,ST001,Bangalore,Regular,UPI,6,2800,3500,0,21000,16800,4200
O0071,27-09-2025,P003,Keyboard,Electronics,S002,ST001,Mysore,New,Cash,8,1100,1500,5,11400,8800,2600
O0072,13-07-2025,P002,Mouse,Electronics,S002,ST001,Mangalore,Regular,UPI,3,450,700,10,1890,1350,540
O0073,25-05-2025,P004,Monitor,Electronics,S006,ST001,Bangalore,Regular,Cash,4,11800,14000,5,53200,47200,6000
O0074,07-09-2025,P001,Laptop,Electronics,S001,ST003,Chennai,New,Cash,1,48000,55000,0,55000,48000,7000
O0075,09-09-2025,P003,Keyboard,Electronics,S002,ST001,Mangalore,Regular,UPI,5,1100,1500,5,7125,5500,1625
O0076,01-09-2025,P004,Monitor,Electronics,S006,ST003,Bangalore,New,Card,3,11800,14000,5,39900,35400,4500
O0077,28-01-2025,P010,Pen Drive,Electronics,S008,ST001,Mysore,New,Card,10,500,800,0,8000,5000,3000
O0078,10-03-2025,P006,Office Chair,Furniture,S004,ST003,Bangalore,New,Cash,10,2800,3500,15,29750,28000,1750
O0079,25-05-2025,P002,Mouse,Electronics,S002,ST003,Hyderabad,New,UPI,10,450,700,5,6650,4500,2150
O0080,13-03-2025,P001,Laptop,Electronics,S001,ST003,Chennai,Regular,Cash,3,48000,55000,0,165000,144000,21000
O0081,17-06-2025,P003,Keyboard,Electronics,S002,ST003,Mangalore,Regular,Card,3,1100,1500,0,4500,3300,1200
O0082,22-09-2025,P006,Office Chair,Furniture,S004,ST003,Hubli,New,UPI,5,2800,3500,5,16625,14000,2625
O0083,14-06-2025,P001,Laptop,Electronics,S001,ST002,Hyderabad,Regular,UPI,8,48000,55000,10,396000,384000,12000
O0084,02-06-2025,P008,Sofa,Furniture,S007,ST001,Bangalore,New,Cash,5,21000,25000,10,112500,105000,7500
O0085,18-06-2025,P005,Printer,Electronics,S003,ST002,Chennai,Regular,Card,1,9800,12000,10,10800,9800,1000
O0086,16-12-2025,P004,Monitor,Electronics,S006,ST001,Mangalore,New,UPI,3,11800,14000,10,37800,35400,2400
O0087,26-10-2025,P002,Mouse,Electronics,S002,ST001,Mangalore,New,Cash,3,450,700,10,1890,1350,540
O0088,17-12-2025,P002,Mouse,Electronics,S002,ST001,Bangalore,New,Card,1,450,700,0,700,450,250
O0089,02-03-2025,P004,Monitor,Electronics,S006,ST001,Chennai,New,Cash,10,11800,14000,15,119000,118000,1000
O0090,12-02-2025,P010,Pen Drive,Electronics,S008,ST002,Bangalore,New,Cash,5,500,800,5,3800,2500,1300
O0091,18-09-2025,P004,Monitor,Electronics,S006,ST001,Bangalore,Regular,Card,6,11800,14000,15,71400,70800,600
O0092,14-08-2025,P009,Cupboard,Furniture,S004,ST003,Chennai,Regular,Card,4,15000,18000,0,72000,60000,12000
O0093,17-11-2025,P007,Office Table,Furniture,S005,ST001,Mysore,New,UPI,5,6500,8000,15,34000,32500,1500
O0094,07-09-2025,P005,Printer,Electronics,S003,ST001,Chennai,Regular,Cash,4,9800,12000,10,43200,39200,4000
O0095,11-02-2025,P008,Sofa,Furniture,S007,ST002,Mangalore,Regular,UPI,7,21000,25000,15,148750,147000,1750
O0096,27-09-2025,P004,Monitor,Electronics,S006,ST002,Bangalore,Regular,Card,6,11800,14000,15,71400,70800,600
O0097,26-10-2025,P010,Pen Drive,Electronics,S008,ST003,Chennai,New,Cash,2,500,800,10,1440,1000,440
O0098,08-08-2025,P009,Cupboard,Furniture,S004,ST001,Mysore,Regular,Card,7,15000,18000,0,126000,105000,21000
O0099,19-05-2025,P006,Office Chair,Furniture,S004,ST001,Chennai,New,UPI,8,2800,3500,5,26600,22400,4200
O0100,27-09-2025,P003,Keyboard,Electronics,S002,ST002,Mangalore,New,Cash,7,1100,1500,0,10500,7700,2800
O0101,05-08-2025,P007,Office Table,Furniture,S005,ST003,Chennai,New,UPI,1,6500,8000,15,6800,6500,300
O0102,06-10-2025,P008,Sofa,Furniture,S007,ST002,Mysore,New,Cash,7,21000,25000,10,157500,147000,10500
O0103,18-10-2025,P001,Laptop,Electronics,S001,ST002,Mangalore,Regular,Card,5,48000,55000,10,247500,240000,7500
O0104,21-08-2025,P006,Office Chair,Furniture,S004,ST001,Bangalore,New,UPI,4,2800,3500,0,14000,11200,2800
O0105,14-12-2025,P004,Monitor,Electronics,S006,ST002,Mangalore,New,Cash,3,11800,14000,15,35700,35400,300
O0106,20-09-2025,P006,Office Chair,Furniture,S004,ST003,Hubli,New,Card,1,2800,3500,15,2975,2800,175
O0107,24-08-2025,P002,Mouse,Electronics,S002,ST001,Mysore,Regular,UPI,6,450,700,0,4200,2700,1500
O0108,14-08-2025,P002,Mouse,Electronics,S002,ST002,Hubli,New,Card,9,450,700,10,5670,4050,1620
O0109,15-03-2025,P003,Keyboard,Electronics,S002,ST002,Mangalore,New,Card,2,1100,1500,5,2850,2200,650
O0110,22-11-2025,P006,Office Chair,Furniture,S004,ST003,Chennai,New,Card,7,2800,3500,15,20825,19600,1225
O0111,17-03-2025,P001,Laptop,Electronics,S001,ST003,Hubli,New,UPI,5,48000,55000,10,247500,240000,7500
O0112,09-10-2025,P004,Monitor,Electronics,S006,ST001,Hyderabad,Regular,Card,7,11800,14000,5,93100,82600,10500
O0113,09-05-2025,P006,Office Chair,Furniture,S004,ST002,Chennai,Regular,Cash,4,2800,3500,10,12600,11200,1400
O0114,13-08-2025,P005,Printer,Electronics,S003,ST001,Bangalore,Regular,UPI,8,9800,12000,5,91200,78400,12800
O0115,01-03-2025,P002,Mouse,Electronics,S002,ST003,Mysore,New,UPI,8,450,700,10,5040,3600,1440
O0116,22-06-2025,P001,Laptop,Electronics,S001,ST003,Chennai,New,Cash,10,48000,55000,10,495000,480000,15000
O0117,03-06-2025,P006,Office Chair,Furniture,S004,ST001,Mangalore,Regular,UPI,7,2800,3500,5,23275,19600,3675
O0118,19-11-2025,P001,Laptop,Electronics,S001,ST002,Hyderabad,New,UPI,6,48000,55000,5,313500,288000,25500
O0119,26-09-2025,P004,Monitor,Electronics,S006,ST003,Mangalore,New,Card,5,11800,14000,15,59500,59000,500
O0120,21-08-2025,P002,Mouse,Electronics,S002,ST001,Hubli,New,Card,7,450,700,15,4165,3150,1015
O0121,18-01-2025,P001,Laptop,Electronics,S001,ST003,Hubli,New,Cash,10,48000,55000,10,495000,480000,15000
O0122,27-12-2025,P002,Mouse,Electronics,S002,ST003,Mangalore,New,Cash,5,450,700,0,3500,2250,1250
O0123,25-12-2025,P003,Keyboard,Electronics,S002,ST002,Mangalore,Regular,Card,3,1100,1500,0,4500,3300,1200
O0124,19-01-2025,P007,Office Table,Furniture,S005,ST003,Mysore,Regular,Cash,2,6500,8000,15,13600,13000,600
O0125,30-06-2025,P005,Printer,Electronics,S003,ST002,Hyderabad,Regular,Card,3,9800,12000,10,32400,29400,3000
O0126,01-10-2025,P003,Keyboard,Electronics,S002,ST001,Mangalore,New,Card,1,1100,1500,5,1425,1100,325
O0127,31-01-2025,P007,Office Table,Furniture,S005,ST001,Mysore,New,Card,7,6500,8000,0,56000,45500,10500
O0128,08-08-2025,P002,Mouse,Electronics,S002,ST002,Hyderabad,New,Card,9,450,700,15,5355,4050,1305
O0129,20-12-2025,P004,Monitor,Electronics,S006,ST002,Bangalore,Regular,Card,2,11800,14000,5,26600,23600,3000
O0130,25-06-2025,P010,Pen Drive,Electronics,S008,ST001,Mysore,Regular,UPI,7,500,800,15,4760,3500,1260
O0131,27-08-2025,P002,Mouse,Electronics,S002,ST002,Hyderabad,New,UPI,8,450,700,10,5040,3600,1440
O0132,01-03-2025,P007,Office Table,Furniture,S005,ST002,Hyderabad,New,Cash,8,6500,8000,0,64000,52000,12000
O0133,18-07-2025,P008,Sofa,Furniture,S007,ST001,Mangalore,New,UPI,6,21000,25000,5,142500,126000,16500
O0134,11-02-2025,P002,Mouse,Electronics,S002,ST003,Hyderabad,Regular,UPI,1,450,700,10,630,450,180
O0135,28-12-2025,P009,Cupboard,Furniture,S004,ST002,Mangalore,Regular,UPI,1,15000,18000,5,17100,15000,2100
O0136,12-10-2025,P006,Office Chair,Furniture,S004,ST003,Chennai,New,Card,1,2800,3500,10,3150,2800,350
O0137,08-02-2025,P002,Mouse,Electronics,S002,ST003,Hubli,Regular,Card,7,450,700,10,4410,3150,1260
O0138,17-01-2025,P010,Pen Drive,Electronics,S008,ST003,Hubli,New,UPI,9,500,800,0,7200,4500,2700
O0139,20-10-2025,P004,Monitor,Electronics,S006,ST001,Bangalore,Regular,UPI,1,11800,14000,0,14000,11800,2200
O0140,26-06-2025,P001,Laptop,Electronics,S001,ST002,Mysore,Regular,Cash,2,48000,55000,10,99000,96000,3000
O0141,04-03-2025,P006,Office Chair,Furniture,S004,ST003,Bangalore,Regular,Card,5,2800,3500,0,17500,14000,3500
O0142,03-12-2025,P009,Cupboard,Furniture,S004,ST003,Hubli,New,Cash,9,15000,18000,10,145800,135000,10800
O0143,22-11-2025,P007,Office Table,Furniture,S005,ST003,Mysore,Regular,UPI,4,6500,8000,0,32000,26000,6000
O0144,09-12-2025,P007,Office Table,Furniture,S005,ST001,Hubli,New,Cash,8,6500,8000,5,60800,52000,8800
O0145,28-05-2025,P010,Pen Drive,Electronics,S008,ST002,Hyderabad,New,UPI,3,500,800,0,2400,1500,900
O0146,14-08-2025,P007,Office Table,Furniture,S005,ST003,Mangalore,New,Card,2,6500,8000,10,14400,13000,1400
O0147,25-09-2025,P010,Pen Drive,Electronics,S008,ST003,Mysore,Regular,Card,10,500,800,10,7200,5000,2200
O0148,05-02-2025,P001,Laptop,Electronics,S001,ST001,Bangalore,New,Cash,4,48000,55000,5,209000,192000,17000
O0149,25-07-2025,P008,Sofa,Furniture,S007,ST002,Hubli,New,UPI,7,21000,25000,15,148750,147000,1750
O0150,31-03-2025,P006,Office Chair,Furniture,S004,ST001,Hubli,New,Cash,7,2800,3500,5,23275,19600,3675
O0151,09-02-2025,P010,Pen Drive,Electronics,S008,ST002,Bangalore,New,UPI,2,500,800,10,1440,1000,440
O0152,29-05-2025,P010,Pen Drive,Electronics,S008,ST001,Bangalore,New,Card,2,500,800,15,1360,1000,360
O0153,10-12-2025,P001,Laptop,Electronics,S001,ST002,Mysore,New,UPI,1,48000,55000,15,46750,48000,-1250
O0154,05-06-2025,P006,Office Chair,Furniture,S004,ST002,Mysore,New,Card,9,2800,3500,5,29925,25200,4725
O0155,31-08-2025,P009,Cupboard,Furniture,S004,ST002,Mangalore,New,Cash,6,15000,18000,0,108000,90000,18000
O0156,13-04-2025,P007,Office Table,Furniture,S005,ST001,Mysore,New,Card,10,6500,8000,5,76000,65000,11000
O0157,05-07-2025,P003,Keyboard,Electronics,S002,ST002,Bangalore,New,UPI,10,1100,1500,5,14250,11000,3250
O0158,31-01-2025,P003,Keyboard,Electronics,S002,ST003,Mangalore,New,Card,5,1100,1500,15,6375,5500,875
O0159,31-03-2025,P007,Office Table,Furniture,S005,ST003,Hyderabad,Regular,Cash,1,6500,8000,5,7600,6500,1100
O0160,20-06-2025,P007,Office Table,Furniture,S005,ST001,Chennai,Regular,Card,4,6500,8000,5,30400,26000,4400
O0161,14-07-2025,P009,Cupboard,Furniture,S004,ST002,Mangalore,New,Card,2,15000,18000,5,34200,30000,4200
O0162,18-11-2025,P005,Printer,Electronics,S003,ST002,Hubli,Regular,Card,7,9800,12000,15,71400,68600,2800
O0163,15-07-2025,P005,Printer,Electronics,S003,ST002,Mysore,Regular,Card,6,9800,12000,0,72000,58800,13200
O0164,21-09-2025,P009,Cupboard,Furniture,S004,ST001,Chennai,Regular,UPI,5,15000,18000,10,81000,75000,6000
O0165,13-10-2025,P004,Monitor,Electronics,S006,ST002,Chennai,New,Cash,8,11800,14000,15,95200,94400,800
O0166,21-09-2025,P005,Printer,Electronics,S003,ST001,Bangalore,Regular,Cash,1,9800,12000,5,11400,9800,1600
O0167,05-09-2025,P007,Office Table,Furniture,S005,ST003,Hyderabad,New,Cash,3,6500,8000,0,24000,19500,4500
O0168,07-07-2025,P006,Office Chair,Furniture,S004,ST003,Mangalore,New,UPI,4,2800,3500,0,14000,11200,2800
O0169,08-01-2025,P002,Mouse,Electronics,S002,ST003,Mangalore,New,UPI,10,450,700,0,7000,4500,2500
O0170,30-04-2025,P001,Laptop,Electronics,S001,ST002,Hubli,New,Card,9,48000,55000,10,445500,432000,13500
O0171,04-01-2025,P008,Sofa,Furniture,S007,ST001,Chennai,Regular,UPI,9,21000,25000,0,225000,189000,36000
O0172,17-01-2025,P008,Sofa,Furniture,S007,ST003,Mangalore,Regular,Card,10,21000,25000,15,212500,210000,2500
O0173,05-07-2025,P003,Keyboard,Electronics,S002,ST002,Hyderabad,Regular,UPI,6,1100,1500,0,9000,6600,2400
O0174,06-10-2025,P002,Mouse,Electronics,S002,ST003,Mangalore,Regular,Cash,7,450,700,0,4900,3150,1750
O0175,13-01-2025,P004,Monitor,Electronics,S006,ST001,Hubli,New,UPI,8,11800,14000,5,106400,94400,12000
O0176,27-11-2025,P007,Office Table,Furniture,S005,ST002,Hyderabad,New,UPI,8,6500,8000,15,54400,52000,2400
O0177,05-05-2025,P007,Office Table,Furniture,S005,ST002,Chennai,Regular,Cash,7,6500,8000,5,53200,45500,7700
O0178,22-07-2025,P004,Monitor,Electronics,S006,ST003,Mangalore,New,UPI,6,11800,14000,10,75600,70800,4800
O0179,29-06-2025,P006,Office Chair,Furniture,S004,ST002,Chennai,Regular,UPI,10,2800,3500,15,29750,28000,1750
O0180,26-06-2025,P010,Pen Drive,Electronics,S008,ST002,Hubli,Regular,Cash,9,500,800,0,7200,4500,2700
O0181,12-02-2025,P005,Printer,Electronics,S003,ST003,Hubli,Regular,Card,2,9800,12000,0,24000,19600,4400
O0182,24-07-2025,P008,Sofa,Furniture,S007,ST003,Mangalore,Regular,UPI,4,21000,25000,15,85000,84000,1000
O0183,28-04-2025,P009,Cupboard,Furniture,S004,ST002,Mangalore,New,Cash,2,15000,18000,5,34200,30000,4200
O0184,16-07-2025,P001,Laptop,Electronics,S001,ST002,Mysore,New,Cash,9,48000,55000,5,470250,432000,38250
O0185,22-04-2025,P001,Laptop,Electronics,S001,ST002,Bangalore,Regular,UPI,10,48000,55000,15,467500,480000,-12500
O0186,16-01-2025,P009,Cupboard,Furniture,S004,ST001,Hyderabad,New,Cash,2,15000,18000,5,34200,30000,4200
O0187,20-11-2025,P008,Sofa,Furniture,S007,ST002,Mysore,New,Card,2,21000,25000,15,42500,42000,500
O0188,27-02-2025,P006,Office Chair,Furniture,S004,ST001,Chennai,Regular,Cash,5,2800,3500,10,15750,14000,1750
O0189,10-09-2025,P007,Office Table,Furniture,S005,ST003,Hubli,New,Card,7,6500,8000,0,56000,45500,10500
O0190,01-11-2025,P009,Cupboard,Furniture,S004,ST002,Mysore,Regular,Cash,2,15000,18000,15,30600,30000,600
O0191,10-08-2025,P002,Mouse,Electronics,S002,ST001,Mysore,Regular,UPI,1,450,700,0,700,450,250
O0192,05-12-2025,P005,Printer,Electronics,S003,ST003,Hubli,Regular,Card,1,9800,12000,5,11400,9800,1600
O0193,21-03-2025,P005,Printer,Electronics,S003,ST001,Hyderabad,New,Card,3,9800,12000,0,36000,29400,6600
O0194,24-02-2025,P008,Sofa,Furniture,S007,ST002,Mangalore,New,Card,7,21000,25000,10,157500,147000,10500
O0195,24-11-2025,P001,Laptop,Electronics,S001,ST001,Chennai,New,Card,4,48000,55000,0,220000,192000,28000
O0196,26-05-2025,P004,Monitor,Electronics,S006,ST003,Mysore,New,Card,6,11800,14000,5,79800,70800,9000
O0197,16-10-2025,P004,Monitor,Electronics,S006,ST003,Mangalore,Regular,Cash,1,11800,14000,0,14000,11800,2200
O0198,21-02-2025,P010,Pen Drive,Electronics,S008,ST002,Bangalore,Regular,Card,8,500,800,5,6080,4000,2080
O0199,22-10-2025,P010,Pen Drive,Electronics,S008,ST001,Bangalore,New,Card,10,500,800,10,7200,5000,2200
O0200,19-03-2025,P002,Mouse,Electronics,S002,ST001,Hyderabad,Regular,UPI,9,450,700,0,6300,4050,2250
O0201,03-05-2025,P006,Office Chair,Furniture,S004,ST003,Mangalore,New,UPI,2,2800,3500,15,5950,5600,350
O0202,16-01-2025,P008,Sofa,Furniture,S007,ST001,Chennai,New,Card,7,21000,25000,5,166250,147000,19250
O0203,17-03-2025,P006,Office Chair,Furniture,S004,ST001,Chennai,New,UPI,10,2800,3500,10,31500,28000,3500
O0204,04-08-2025,P008,Sofa,Furniture,S007,ST003,Hubli,New,Card,3,21000,25000,5,71250,63000,8250
O0205,08-12-2025,P001,Laptop,Electronics,S001,ST003,Mysore,New,UPI,7,48000,55000,5,365750,336000,29750
O0206,13-12-2025,P005,Printer,Electronics,S003,ST001,Hyderabad,New,UPI,7,9800,12000,15,71400,68600,2800
O0207,19-07-2025,P008,Sofa,Furniture,S007,ST003,Hyderabad,Regular,UPI,4,21000,25000,15,85000,84000,1000
O0208,05-05-2025,P001,Laptop,Electronics,S001,ST003,Mysore,New,UPI,2,48000,55000,10,99000,96000,3000
O0209,13-01-2025,P009,Cupboard,Furniture,S004,ST002,Hubli,Regular,UPI,6,15000,18000,15,91800,90000,1800
O0210,06-04-2025,P002,Mouse,Electronics,S002,ST002,Bangalore,Regular,Cash,7,450,700,15,4165,3150,1015
O0211,22-03-2025,P006,Office Chair,Furniture,S004,ST003,Hyderabad,Regular,UPI,6,2800,3500,15,17850,16800,1050
O0212,11-04-2025,P010,Pen Drive,Electronics,S008,ST001,Hyderabad,New,Card,9,500,800,10,6480,4500,1980
O0213,24-12-2025,P002,Mouse,Electronics,S002,ST002,Chennai,New,UPI,5,450,700,5,3325,2250,1075
O0214,23-04-2025,P003,Keyboard,Electronics,S002,ST003,Mangalore,Regular,UPI,2,1100,1500,5,2850,2200,650
O0215,18-06-2025,P003,Keyboard,Electronics,S002,ST001,Hubli,Regular,Card,8,1100,1500,0,12000,8800,3200
O0216,25-09-2025,P006,Office Chair,Furniture,S004,ST003,Chennai,New,UPI,6,2800,3500,5,19950,16800,3150
O0217,15-01-2025,P004,Monitor,Electronics,S006,ST003,Chennai,Regular,Cash,6,11800,14000,15,71400,70800,600
O0218,26-04-2025,P004,Monitor,Electronics,S006,ST002,Bangalore,New,Card,3,11800,14000,5,39900,35400,4500
O0219,26-08-2025,P002,Mouse,Electronics,S002,ST003,Mangalore,New,Cash,7,450,700,15,4165,3150,1015
O0220,24-04-2025,P005,Printer,Electronics,S003,ST003,Mangalore,New,UPI,8,9800,12000,15,81600,78400,3200
O0221,24-09-2025,P002,Mouse,Electronics,S002,ST001,Bangalore,Regular,UPI,3,450,700,0,2100,1350,750
O0222,06-06-2025,P005,Printer,Electronics,S003,ST001,Hyderabad,New,UPI,4,9800,12000,0,48000,39200,8800
O0223,14-11-2025,P005,Printer,Electronics,S003,ST003,Hyderabad,Regular,Card,3,9800,12000,5,34200,29400,4800
O0224,11-12-2025,P008,Sofa,Furniture,S007,ST003,Chennai,Regular,Cash,10,21000,25000,0,250000,210000,40000
O0225,24-10-2025,P003,Keyboard,Electronics,S002,ST002,Bangalore,New,Card,4,1100,1500,5,5700,4400,1300
O0226,14-01-2025,P003,Keyboard,Electronics,S002,ST002,Mangalore,Regular,UPI,5,1100,1500,10,6750,5500,1250
O0227,28-04-2025,P007,Office Table,Furniture,S005,ST001,Chennai,New,Cash,8,6500,8000,10,57600,52000,5600
O0228,14-02-2025,P008,Sofa,Furniture,S007,ST002,Mangalore,New,UPI,1,21000,25000,5,23750,21000,2750
O0229,06-03-2025,P007,Office Table,Furniture,S005,ST002,Mangalore,Regular,Cash,1,6500,8000,5,7600,6500,1100
O0230,08-08-2025,P007,Office Table,Furniture,S005,ST003,Chennai,Regular,UPI,6,6500,8000,15,40800,39000,1800
O0231,03-07-2025,P005,Printer,Electronics,S003,ST003,Hubli,Regular,Cash,1,9800,12000,5,11400,9800,1600
O0232,19-05-2025,P007,Office Table,Furniture,S005,ST003,Mysore,New,Card,2,6500,8000,0,16000,13000,3000
O0233,30-09-2025,P006,Office Chair,Furniture,S004,ST003,Hyderabad,New,Cash,5,2800,3500,15,14875,14000,875
O0234,29-05-2025,P010,Pen Drive,Electronics,S008,ST003,Hyderabad,Regular,Card,1,500,800,15,680,500,180
O0235,02-04-2025,P006,Office Chair,Furniture,S004,ST003,Bangalore,New,Card,7,2800,3500,0,24500,19600,4900
O0236,08-04-2025,P003,Keyboard,Electronics,S002,ST002,Mangalore,New,UPI,2,1100,1500,15,2550,2200,350
O0237,28-10-2025,P010,Pen Drive,Electronics,S008,ST002,Hubli,New,Cash,9,500,800,5,6840,4500,2340
O0238,25-11-2025,P002,Mouse,Electronics,S002,ST003,Hyderabad,New,UPI,10,450,700,10,6300,4500,1800
O0239,18-11-2025,P010,Pen Drive,Electronics,S008,ST003,Hubli,New,UPI,8,500,800,0,6400,4000,2400
O0240,10-03-2025,P009,Cupboard,Furniture,S004,ST002,Hubli,New,Cash,5,15000,18000,0,90000,75000,15000
O0241,08-11-2025,P010,Pen Drive,Electronics,S008,ST003,Hyderabad,New,UPI,2,500,800,15,1360,1000,360
O0242,21-05-2025,P007,Office Table,Furniture,S005,ST001,Mangalore,Regular,Card,7,6500,8000,5,53200,45500,7700
O0243,01-12-2025,P006,Office Chair,Furniture,S004,ST001,Mysore,Regular,Cash,7,2800,3500,5,23275,19600,3675
O0244,23-10-2025,P004,Monitor,Electronics,S006,ST003,Mangalore,New,UPI,5,11800,14000,5,66500,59000,7500
O0245,27-07-2025,P001,Laptop,Electronics,S001,ST002,Bangalore,New,UPI,10,48000,55000,15,467500,480000,-12500
O0246,25-01-2025,P010,Pen Drive,Electronics,S008,ST001,Hubli,New,Cash,10,500,800,5,7600,5000,2600
O0247,14-03-2025,P005,Printer,Electronics,S003,ST001,Chennai,Regular,UPI,10,9800,12000,0,120000,98000,22000
O0248,13-04-2025,P001,Laptop,Electronics,S001,ST001,Hyderabad,Regular,UPI,3,48000,55000,0,165000,144000,21000
O0249,10-08-2025,P001,Laptop,Electronics,S001,ST001,Hyderabad,New,Cash,1,48000,55000,5,52250,48000,4250
O0250,09-10-2025,P001,Laptop,Electronics,S001,ST002,Hubli,Regular,Card,2,48000,55000,0,110000,96000,14000
O0251,17-01-2025,P005,Printer,Electronics,S003,ST001,Mysore,New,UPI,3,9800,12000,10,32400,29400,3000
O0252,12-01-2025,P008,Sofa,Furniture,S007,ST001,Hubli,New,UPI,10,21000,25000,5,237500,210000,27500
O0253,23-12-2025,P001,Laptop,Electronics,S001,ST003,Mangalore,Regular,Cash,6,48000,55000,5,313500,288000,25500
O0254,14-07-2025,P005,Printer,Electronics,S003,ST003,Mangalore,New,Cash,1,9800,12000,5,11400,9800,1600
O0255,02-11-2025,P005,Printer,Electronics,S003,ST001,Bangalore,Regular,UPI,3,9800,12000,10,32400,29400,3000
O0256,30-08-2025,P003,Keyboard,Electronics,S002,ST002,Mangalore,Regular,UPI,8,1100,1500,10,10800,8800,2000
O0257,12-08-2025,P003,Keyboard,Electronics,S002,ST002,Mangalore,New,Card,10,1100,1500,10,13500,11000,2500
O0258,17-05-2025,P005,Printer,Electronics,S003,ST001,Bangalore,New,Cash,10,9800,12000,15,102000,98000,4000
O0259,15-03-2025,P002,Mouse,Electronics,S002,ST001,Chennai,Regular,Cash,2,450,700,15,1190,900,290
O0260,10-09-2025,P009,Cupboard,Furniture,S004,ST003,Mangalore,New,UPI,10,15000,18000,10,162000,150000,12000
O0261,09-02-2025,P001,Laptop,Electronics,S001,ST001,Hyderabad,Regular,Card,4,48000,55000,15,187000,192000,-5000
O0262,10-05-2025,P006,Office Chair,Furniture,S004,ST002,Hubli,Regular,Card,10,2800,3500,0,35000,28000,7000
O0263,04-11-2025,P005,Printer,Electronics,S003,ST001,Hyderabad,New,UPI,5,9800,12000,15,51000,49000,2000
O0264,08-01-2025,P007,Office Table,Furniture,S005,ST001,Hubli,Regular,Cash,7,6500,8000,10,50400,45500,4900
O0265,23-12-2025,P007,Office Table,Furniture,S005,ST003,Hyderabad,New,Card,8,6500,8000,15,54400,52000,2400
O0266,07-10-2025,P009,Cupboard,Furniture,S004,ST003,Hyderabad,Regular,Card,1,15000,18000,0,18000,15000,3000
O0267,01-03-2025,P001,Laptop,Electronics,S001,ST001,Chennai,New,Cash,3,48000,55000,15,140250,144000,-3750
O0268,13-12-2025,P009,Cupboard,Furniture,S004,ST003,Bangalore,Regular,Cash,8,15000,18000,5,136800,120000,16800
O0269,09-06-2025,P003,Keyboard,Electronics,S002,ST003,Bangalore,New,Card,9,1100,1500,10,12150,9900,2250
O0270,02-11-2025,P003,Keyboard,Electronics,S002,ST001,Chennai,New,Cash,6,1100,1500,15,7650,6600,1050
O0271,29-09-2025,P009,Cupboard,Furniture,S004,ST001,Chennai,Regular,Card,2,15000,18000,10,32400,30000,2400
O0272,04-03-2025,P009,Cupboard,Furniture,S004,ST003,Hubli,Regular,UPI,7,15000,18000,0,126000,105000,21000
O0273,27-09-2025,P003,Keyboard,Electronics,S002,ST001,Chennai,New,UPI,6,1100,1500,0,9000,6600,2400
O0274,31-01-2025,P009,Cupboard,Furniture,S004,ST002,Mangalore,New,UPI,5,15000,18000,10,81000,75000,6000
O0275,13-06-2025,P002,Mouse,Electronics,S002,ST003,Bangalore,New,UPI,8,450,700,15,4760,3600,1160
O0276,07-04-2025,P006,Office Chair,Furniture,S004,ST002,Bangalore,Regular,UPI,9,2800,3500,5,29925,25200,4725
O0277,25-11-2025,P004,Monitor,Electronics,S006,ST001,Mangalore,New,Cash,9,11800,14000,15,107100,106200,900
O0278,27-03-2025,P001,Laptop,Electronics,S001,ST001,Hubli,New,Cash,5,48000,55000,5,261250,240000,21250
O0279,28-11-2025,P007,Office Table,Furniture,S005,ST001,Mysore,New,Cash,9,6500,8000,5,68400,58500,9900
O0280,03-08-2025,P010,Pen Drive,Electronics,S008,ST002,Mysore,New,Cash,9,500,800,10,6480,4500,1980
O0281,17-02-2025,P006,Office Chair,Furniture,S004,ST003,Bangalore,Regular,Card,7,2800,3500,5,23275,19600,3675
O0282,03-12-2025,P002,Mouse,Electronics,S002,ST003,Chennai,New,UPI,5,450,700,10,3150,2250,900
O0283,05-01-2025,P003,Keyboard,Electronics,S002,ST001,Hyderabad,Regular,UPI,5,1100,1500,10,6750,5500,1250
O0284,01-11-2025,P001,Laptop,Electronics,S001,ST003,Mysore,New,UPI,5,48000,55000,10,247500,240000,7500
O0285,21-05-2025,P010,Pen Drive,Electronics,S008,ST001,Mangalore,New,Cash,2,500,800,15,1360,1000,360
O0286,02-07-2025,P002,Mouse,Electronics,S002,ST003,Hubli,New,Card,2,450,700,10,1260,900,360
O0287,12-05-2025,P003,Keyboard,Electronics,S002,ST001,Mysore,New,UPI,8,1100,1500,15,10200,8800,1400
O0288,19-07-2025,P008,Sofa,Furniture,S007,ST002,Mysore,Regular,Card,8,21000,25000,5,190000,168000,22000
O0289,16-04-2025,P002,Mouse,Electronics,S002,ST002,Chennai,Regular,UPI,6,450,700,0,4200,2700,1500
O0290,28-08-2025,P008,Sofa,Furniture,S007,ST002,Bangalore,New,Cash,8,21000,25000,10,180000,168000,12000
O0291,24-07-2025,P008,Sofa,Furniture,S007,ST003,Chennai,New,UPI,1,21000,25000,5,23750,21000,2750
O0292,16-04-2025,P005,Printer,Electronics,S003,ST003,Mangalore,New,Card,6,9800,12000,0,72000,58800,13200
O0293,19-03-2025,P009,Cupboard,Furniture,S004,ST001,Mysore,Regular,Cash,9,15000,18000,15,137700,135000,2700
O0294,09-07-2025,P003,Keyboard,Electronics,S002,ST002,Hubli,Regular,Card,6,1100,1500,5,8550,6600,1950
O0295,13-12-2025,P001,Laptop,Electronics,S001,ST001,Hyderabad,Regular,Card,1,48000,55000,5,52250,48000,4250
O0296,04-12-2025,P009,Cupboard,Furniture,S004,ST002,Mysore,Regular,UPI,8,15000,18000,10,129600,120000,9600
O0297,09-03-2025,P009,Cupboard,Furniture,S004,ST002,Bangalore,Regular,UPI,9,15000,18000,0,162000,135000,27000
O0298,13-06-2025,P009,Cupboard,Furniture,S004,ST001,Mysore,New,UPI,2,15000,18000,10,32400,30000,2400
O0299,22-10-2025,P007,Office Table,Furniture,S005,ST001,Mangalore,Regular,Card,1,6500,8000,0,8000,6500,1500
O0300,10-09-2025,P005,Printer,Electronics,S003,ST003,Hubli,Regular,Card,6,9800,12000,10,64800,58800,6000
O0301,25-01-2025,P001,Laptop,Electronics,S001,ST003,Chennai,New,Card,4,48000,55000,0,220000,192000,28000
O0302,03-03-2025,P009,Cupboard,Furniture,S004,ST003,Mysore,New,Cash,1,15000,18000,0,18000,15000,3000
O0303,12-05-2025,P007,Office Table,Furniture,S005,ST003,Mangalore,New,Card,3,6500,8000,10,21600,19500,2100
O0304,14-12-2025,P005,Printer,Electronics,S003,ST003,Chennai,Regular,Cash,9,9800,12000,10,97200,88200,9000
O0305,29-12-2025,P005,Printer,Electronics,S003,ST003,Chennai,New,UPI,7,9800,12000,5,79800,68600,11200
O0306,24-03-2025,P009,Cupboard,Furniture,S004,ST001,Chennai,New,Cash,6,15000,18000,10,97200,90000,7200
O0307,23-07-2025,P007,Office Table,Furniture,S005,ST003,Mangalore,New,Cash,8,6500,8000,10,57600,52000,5600
O0308,05-08-2025,P004,Monitor,Electronics,S006,ST001,Mangalore,New,Cash,4,11800,14000,15,47600,47200,400
O0309,27-01-2025,P002,Mouse,Electronics,S002,ST002,Hyderabad,New,UPI,1,450,700,0,700,450,250
O0310,09-10-2025,P005,Printer,Electronics,S003,ST002,Mysore,Regular,Card,4,9800,12000,10,43200,39200,4000
O0311,31-12-2025,P001,Laptop,Electronics,S001,ST003,Bangalore,New,Cash,2,48000,55000,5,104500,96000,8500
O0312,06-02-2025,P003,Keyboard,Electronics,S002,ST001,Chennai,Regular,UPI,5,1100,1500,5,7125,5500,1625
O0313,01-04-2025,P001,Laptop,Electronics,S001,ST001,Mangalore,Regular,Cash,4,48000,55000,15,187000,192000,-5000
O0314,06-11-2025,P006,Office Chair,Furniture,S004,ST002,Hyderabad,Regular,UPI,5,2800,3500,10,15750,14000,1750
O0315,21-06-2025,P006,Office Chair,Furniture,S004,ST001,Mysore,Regular,Card,8,2800,3500,0,28000,22400,5600
O0316,25-09-2025,P006,Office Chair,Furniture,S004,ST002,Bangalore,New,UPI,10,2800,3500,5,33250,28000,5250
O0317,18-04-2025,P007,Office Table,Furniture,S005,ST002,Hyderabad,New,Cash,5,6500,8000,5,38000,32500,5500
O0318,04-11-2025,P007,Office Table,Furniture,S005,ST002,Bangalore,New,Cash,6,6500,8000,10,43200,39000,4200
O0319,21-04-2025,P010,Pen Drive,Electronics,S008,ST002,Chennai,New,Card,4,500,800,15,2720,2000,720
O0320,09-10-2025,P002,Mouse,Electronics,S002,ST003,Chennai,Regular,Card,7,450,700,15,4165,3150,1015
O0321,25-08-2025,P009,Cupboard,Furniture,S004,ST001,Mangalore,Regular,UPI,5,15000,18000,5,85500,75000,10500
O0322,22-04-2025,P002,Mouse,Electronics,S002,ST003,Hyderabad,Regular,Cash,7,450,700,10,4410,3150,1260
O0323,15-02-2025,P007,Office Table,Furniture,S005,ST002,Hyderabad,New,Cash,8,6500,8000,10,57600,52000,5600
O0324,24-12-2025,P006,Office Chair,Furniture,S004,ST003,Mangalore,New,UPI,9,2800,3500,10,28350,25200,3150
O0325,23-10-2025,P004,Monitor,Electronics,S006,ST001,Bangalore,New,Cash,8,11800,14000,10,100800,94400,6400
O0326,25-08-2025,P004,Monitor,Electronics,S006,ST001,Bangalore,Regular,Card,4,11800,14000,15,47600,47200,400
O0327,06-02-2025,P007,Office Table,Furniture,S005,ST002,Mysore,Regular,Cash,9,6500,8000,0,72000,58500,13500
O0328,23-12-2025,P004,Monitor,Electronics,S006,ST003,Mangalore,New,Cash,4,11800,14000,10,50400,47200,3200
O0329,24-06-2025,P002,Mouse,Electronics,S002,ST003,Bangalore,New,UPI,4,450,700,0,2800,1800,1000
O0330,02-02-2025,P001,Laptop,Electronics,S001,ST003,Hubli,Regular,Cash,3,48000,55000,5,156750,144000,12750
O0331,18-01-2025,P008,Sofa,Furniture,S007,ST001,Hyderabad,Regular,Card,5,21000,25000,15,106250,105000,1250
O0332,22-12-2025,P005,Printer,Electronics,S003,ST002,Bangalore,Regular,UPI,6,9800,12000,15,61200,58800,2400
O0333,22-01-2025,P008,Sofa,Furniture,S007,ST003,Hubli,New,Cash,10,21000,25000,15,212500,210000,2500
O0334,25-07-2025,P005,Printer,Electronics,S003,ST001,Mangalore,New,Card,8,9800,12000,15,81600,78400,3200
O0335,10-02-2025,P009,Cupboard,Furniture,S004,ST003,Chennai,New,UPI,10,15000,18000,0,180000,150000,30000
O0336,01-07-2025,P003,Keyboard,Electronics,S002,ST003,Bangalore,New,Cash,9,1100,1500,10,12150,9900,2250
O0337,26-08-2025,P005,Printer,Electronics,S003,ST001,Bangalore,Regular,Cash,3,9800,12000,15,30600,29400,1200
O0338,09-03-2025,P006,Office Chair,Furniture,S004,ST002,Bangalore,Regular,Card,10,2800,3500,10,31500,28000,3500
O0339,25-09-2025,P005,Printer,Electronics,S003,ST001,Bangalore,Regular,Card,2,9800,12000,0,24000,19600,4400
O0340,28-12-2025,P008,Sofa,Furniture,S007,ST003,Bangalore,Regular,UPI,8,21000,25000,5,190000,168000,22000
O0341,05-02-2025,P006,Office Chair,Furniture,S004,ST001,Hyderabad,Regular,UPI,5,2800,3500,0,17500,14000,3500
O0342,10-01-2025,P006,Office Chair,Furniture,S004,ST002,Mangalore,Regular,UPI,3,2800,3500,0,10500,8400,2100
O0343,01-03-2025,P002,Mouse,Electronics,S002,ST002,Mangalore,New,UPI,8,450,700,5,5320,3600,1720
O0344,25-08-2025,P003,Keyboard,Electronics,S002,ST003,Bangalore,New,UPI,5,1100,1500,10,6750,5500,1250
O0345,17-12-2025,P003,Keyboard,Electronics,S002,ST001,Hubli,New,UPI,6,1100,1500,0,9000,6600,2400
O0346,11-12-2025,P006,Office Chair,Furniture,S004,ST003,Bangalore,Regular,Card,4,2800,3500,0,14000,11200,2800
O0347,24-09-2025,P010,Pen Drive,Electronics,S008,ST001,Mysore,Regular,Card,1,500,800,15,680,500,180
O0348,03-04-2025,P009,Cupboard,Furniture,S004,ST002,Mysore,New,Card,2,15000,18000,15,30600,30000,600
O0349,03-12-2025,P009,Cupboard,Furniture,S004,ST003,Chennai,Regular,Cash,8,15000,18000,5,136800,120000,16800
O0350,08-08-2025,P004,Monitor,Electronics,S006,ST003,Mysore,Regular,Cash,5,11800,14000,15,59500,59000,500
O0351,13-12-2025,P010,Pen Drive,Electronics,S008,ST002,Mysore,New,Cash,6,500,800,0,4800,3000,1800
O0352,31-12-2025,P006,Office Chair,Furniture,S004,ST002,Mysore,New,Cash,6,2800,3500,5,19950,16800,3150
O0353,06-12-2025,P002,Mouse,Electronics,S002,ST002,Mysore,Regular,Card,5,450,700,15,2975,2250,725
O0354,28-08-2025,P010,Pen Drive,Electronics,S008,ST002,Mangalore,New,Card,2,500,800,0,1600,1000,600
O0355,31-07-2025,P004,Monitor,Electronics,S006,ST002,Bangalore,New,UPI,5,11800,14000,5,66500,59000,7500
O0356,12-06-2025,P009,Cupboard,Furniture,S004,ST001,Bangalore,New,UPI,5,15000,18000,10,81000,75000,6000
O0357,18-02-2025,P006,Office Chair,Furniture,S004,ST002,Mysore,Regular,Card,9,2800,3500,10,28350,25200,3150
O0358,09-06-2025,P007,Office Table,Furniture,S005,ST002,Hubli,New,Card,3,6500,8000,10,21600,19500,2100
O0359,03-02-2025,P005,Printer,Electronics,S003,ST003,Chennai,New,Cash,7,9800,12000,15,71400,68600,2800
O0360,15-07-2025,P004,Monitor,Electronics,S006,ST001,Mangalore,New,Card,6,11800,14000,5,79800,70800,9000
O0361,15-07-2025,P002,Mouse,Electronics,S002,ST001,Mysore,Regular,Cash,9,450,700,5,5985,4050,1935
O0362,04-01-2025,P002,Mouse,Electronics,S002,ST003,Mangalore,New,UPI,4,450,700,5,2660,1800,860
O0363,21-04-2025,P002,Mouse,Electronics,S002,ST003,Chennai,Regular,UPI,6,450,700,0,4200,2700,1500
O0364,03-01-2025,P005,Printer,Electronics,S003,ST001,Chennai,Regular,Card,8,9800,12000,10,86400,78400,8000
O0365,07-08-2025,P003,Keyboard,Electronics,S002,ST002,Bangalore,Regular,Cash,2,1100,1500,0,3000,2200,800
O0366,27-03-2025,P001,Laptop,Electronics,S001,ST003,Chennai,New,Cash,4,48000,55000,10,198000,192000,6000
O0367,29-05-2025,P003,Keyboard,Electronics,S002,ST002,Chennai,New,Cash,3,1100,1500,5,4275,3300,975
O0368,04-03-2025,P010,Pen Drive,Electronics,S008,ST003,Mysore,New,Cash,1,500,800,5,760,500,260
O0369,28-03-2025,P010,Pen Drive,Electronics,S008,ST002,Hyderabad,New,UPI,7,500,800,0,5600,3500,2100
O0370,07-10-2025,P009,Cupboard,Furniture,S004,ST002,Chennai,New,Cash,5,15000,18000,5,85500,75000,10500
O0371,19-03-2025,P005,Printer,Electronics,S003,ST001,Mysore,Regular,UPI,1,9800,12000,10,10800,9800,1000
O0372,26-11-2025,P001,Laptop,Electronics,S001,ST003,Hyderabad,New,UPI,10,48000,55000,0,550000,480000,70000
O0373,05-09-2025,P003,Keyboard,Electronics,S002,ST002,Bangalore,New,UPI,8,1100,1500,5,11400,8800,2600
O0374,06-11-2025,P010,Pen Drive,Electronics,S008,ST002,Hyderabad,Regular,UPI,2,500,800,0,1600,1000,600
O0375,24-07-2025,P004,Monitor,Electronics,S006,ST002,Bangalore,Regular,Cash,2,11800,14000,0,28000,23600,4400
O0376,16-05-2025,P003,Keyboard,Electronics,S002,ST002,Hubli,Regular,Card,1,1100,1500,10,1350,1100,250
O0377,12-05-2025,P002,Mouse,Electronics,S002,ST003,Hyderabad,New,UPI,3,450,700,0,2100,1350,750
O0378,17-03-2025,P006,Office Chair,Furniture,S004,ST001,Hubli,New,Card,10,2800,3500,15,29750,28000,1750
O0379,29-03-2025,P007,Office Table,Furniture,S005,ST003,Chennai,Regular,Card,5,6500,8000,10,36000,32500,3500
O0380,23-11-2025,P004,Monitor,Electronics,S006,ST003,Mangalore,Regular,Card,8,11800,14000,5,106400,94400,12000
O0381,18-07-2025,P002,Mouse,Electronics,S002,ST003,Chennai,New,Cash,2,450,700,15,1190,900,290
O0382,29-05-2025,P010,Pen Drive,Electronics,S008,ST003,Mangalore,Regular,UPI,6,500,800,5,4560,3000,1560
O0383,10-04-2025,P006,Office Chair,Furniture,S004,ST001,Bangalore,New,UPI,3,2800,3500,10,9450,8400,1050
O0384,25-04-2025,P009,Cupboard,Furniture,S004,ST002,Mysore,New,Card,2,15000,18000,5,34200,30000,4200
O0385,21-07-2025,P001,Laptop,Electronics,S001,ST003,Hyderabad,Regular,UPI,7,48000,55000,5,365750,336000,29750
O0386,18-05-2025,P001,Laptop,Electronics,S001,ST001,Mysore,Regular,Cash,9,48000,55000,10,445500,432000,13500
O0387,25-12-2025,P002,Mouse,Electronics,S002,ST002,Mangalore,Regular,Cash,2,450,700,10,1260,900,360
O0388,14-08-2025,P002,Mouse,Electronics,S002,ST002,Mysore,Regular,UPI,7,450,700,10,4410,3150,1260
O0389,23-12-2025,P001,Laptop,Electronics,S001,ST002,Bangalore,Regular,Card,5,48000,55000,15,233750,240000,-6250
O0390,16-08-2025,P003,Keyboard,Electronics,S002,ST002,Mysore,New,Cash,2,1100,1500,10,2700,2200,500
O0391,13-09-2025,P004,Monitor,Electronics,S006,ST002,Chennai,New,UPI,1,11800,14000,15,11900,11800,100
O0392,10-05-2025,P001,Laptop,Electronics,S001,ST002,Hubli,New,Cash,8,48000,55000,15,374000,384000,-10000
O0393,12-09-2025,P003,Keyboard,Electronics,S002,ST002,Mangalore,New,Cash,1,1100,1500,15,1275,1100,175
O0394,10-01-2025,P006,Office Chair,Furniture,S004,ST002,Mangalore,Regular,Card,2,2800,3500,0,7000,5600,1400
O0395,28-02-2025,P001,Laptop,Electronics,S001,ST001,Chennai,New,UPI,10,48000,55000,5,522500,480000,42500
O0396,22-11-2025,P001,Laptop,Electronics,S001,ST002,Mysore,New,Cash,9,48000,55000,10,445500,432000,13500
O0397,18-09-2025,P009,Cupboard,Furniture,S004,ST001,Bangalore,New,Card,2,15000,18000,0,36000,30000,6000
O0398,18-01-2025,P007,Office Table,Furniture,S005,ST003,Mysore,Regular,Card,6,6500,8000,5,45600,39000,6600
O0399,31-10-2025,P004,Monitor,Electronics,S006,ST003,Mysore,New,Card,5,11800,14000,5,66500,59000,7500
O0400,21-03-2025,P001,Laptop,Electronics,S001,ST003,Mangalore,New,Cash,6,48000,55000,10,297000,288000,9000
O0401,15-06-2025,P003,Keyboard,Electronics,S002,ST003,Chennai,New,UPI,7,1100,1500,5,9975,7700,2275
O0402,11-11-2025,P003,Keyboard,Electronics,S002,ST002,Mangalore,Regular,Card,1,1100,1500,5,1425,1100,325
O0403,26-11-2025,P001,Laptop,Electronics,S001,ST003,Mangalore,Regular,UPI,5,48000,55000,0,275000,240000,35000
O0404,12-01-2025,P003,Keyboard,Electronics,S002,ST001,Hyderabad,Regular,Card,2,1100,1500,0,3000,2200,800
O0405,23-07-2025,P002,Mouse,Electronics,S002,ST003,Mangalore,New,Card,5,450,700,10,3150,2250,900
O0406,03-07-2025,P001,Laptop,Electronics,S001,ST002,Bangalore,Regular,Card,6,48000,55000,5,313500,288000,25500
O0407,29-01-2025,P001,Laptop,Electronics,S001,ST003,Mangalore,Regular,UPI,3,48000,55000,5,156750,144000,12750
O0408,24-12-2025,P010,Pen Drive,Electronics,S008,ST003,Hyderabad,New,UPI,8,500,800,15,5440,4000,1440
O0409,20-02-2025,P005,Printer,Electronics,S003,ST001,Mangalore,Regular,Cash,4,9800,12000,0,48000,39200,8800
O0410,10-12-2025,P004,Monitor,Electronics,S006,ST002,Bangalore,New,Card,7,11800,14000,5,93100,82600,10500
O0411,14-12-2025,P009,Cupboard,Furniture,S004,ST002,Hyderabad,New,Cash,5,15000,18000,15,76500,75000,1500
O0412,24-05-2025,P010,Pen Drive,Electronics,S008,ST003,Mangalore,New,UPI,6,500,800,5,4560,3000,1560
O0413,30-12-2025,P007,Office Table,Furniture,S005,ST003,Chennai,Regular,Card,1,6500,8000,5,7600,6500,1100
O0414,27-04-2025,P010,Pen Drive,Electronics,S008,ST003,Mysore,Regular,Cash,10,500,800,15,6800,5000,1800
O0415,07-04-2025,P007,Office Table,Furniture,S005,ST002,Hyderabad,Regular,UPI,8,6500,8000,10,57600,52000,5600
O0416,24-04-2025,P005,Printer,Electronics,S003,ST001,Mangalore,Regular,Cash,8,9800,12000,10,86400,78400,8000
O0417,20-04-2025,P006,Office Chair,Furniture,S004,ST002,Hyderabad,Regular,Cash,7,2800,3500,15,20825,19600,1225
O0418,16-02-2025,P001,Laptop,Electronics,S001,ST002,Chennai,New,UPI,7,48000,55000,0,385000,336000,49000
O0419,01-11-2025,P004,Monitor,Electronics,S006,ST003,Hyderabad,New,Cash,2,11800,14000,10,25200,23600,1600
O0420,19-01-2025,P002,Mouse,Electronics,S002,ST001,Mangalore,Regular,Cash,1,450,700,15,595,450,145
O0421,10-09-2025,P003,Keyboard,Electronics,S002,ST002,Mangalore,New,Card,6,1100,1500,5,8550,6600,1950
O0422,25-10-2025,P002,Mouse,Electronics,S002,ST001,Hubli,Regular,Cash,5,450,700,0,3500,2250,1250
O0423,23-04-2025,P003,Keyboard,Electronics,S002,ST003,Hubli,New,UPI,3,1100,1500,10,4050,3300,750
O0424,25-05-2025,P005,Printer,Electronics,S003,ST001,Chennai,Regular,UPI,3,9800,12000,5,34200,29400,4800
O0425,03-12-2025,P001,Laptop,Electronics,S001,ST003,Hyderabad,Regular,UPI,6,48000,55000,5,313500,288000,25500
O0426,11-03-2025,P005,Printer,Electronics,S003,ST001,Hubli,New,UPI,2,9800,12000,10,21600,19600,2000
O0427,26-06-2025,P006,Office Chair,Furniture,S004,ST001,Mysore,Regular,Cash,7,2800,3500,0,24500,19600,4900
O0428,02-11-2025,P007,Office Table,Furniture,S005,ST002,Chennai,Regular,UPI,1,6500,8000,0,8000,6500,1500
O0429,14-06-2025,P002,Mouse,Electronics,S002,ST002,Mysore,Regular,Card,4,450,700,10,2520,1800,720
O0430,28-08-2025,P008,Sofa,Furniture,S007,ST001,Mysore,Regular,Cash,7,21000,25000,5,166250,147000,19250
O0431,05-06-2025,P008,Sofa,Furniture,S007,ST003,Mysore,Regular,UPI,5,21000,25000,0,125000,105000,20000
O0432,27-09-2025,P006,Office Chair,Furniture,S004,ST001,Bangalore,Regular,Card,8,2800,3500,0,28000,22400,5600
O0433,06-04-2025,P007,Office Table,Furniture,S005,ST002,Bangalore,Regular,Cash,10,6500,8000,5,76000,65000,11000
O0434,29-03-2025,P009,Cupboard,Furniture,S004,ST003,Mysore,New,UPI,8,15000,18000,10,129600,120000,9600
O0435,17-08-2025,P007,Office Table,Furniture,S005,ST003,Hubli,Regular,UPI,6,6500,8000,5,45600,39000,6600
O0436,01-08-2025,P007,Office Table,Furniture,S005,ST003,Hyderabad,New,UPI,2,6500,8000,10,14400,13000,1400
O0437,22-11-2025,P006,Office Chair,Furniture,S004,ST002,Mysore,Regular,Card,8,2800,3500,10,25200,22400,2800
O0438,18-12-2025,P005,Printer,Electronics,S003,ST003,Hubli,New,Cash,2,9800,12000,15,20400,19600,800
O0439,18-01-2025,P005,Printer,Electronics,S003,ST001,Bangalore,New,UPI,8,9800,12000,5,91200,78400,12800
O0440,06-09-2025,P009,Cupboard,Furniture,S004,ST002,Mangalore,Regular,Card,7,15000,18000,0,126000,105000,21000
O0441,04-01-2025,P010,Pen Drive,Electronics,S008,ST001,Hubli,New,Cash,1,500,800,0,800,500,300
O0442,06-06-2025,P010,Pen Drive,Electronics,S008,ST001,Hyderabad,New,Cash,5,500,800,5,3800,2500,1300
O0443,28-12-2025,P008,Sofa,Furniture,S007,ST003,Mangalore,New,UPI,1,21000,25000,15,21250,21000,250
O0444,31-03-2025,P009,Cupboard,Furniture,S004,ST002,Chennai,New,Cash,8,15000,18000,10,129600,120000,9600
O0445,24-12-2025,P010,Pen Drive,Electronics,S008,ST002,Mangalore,Regular,Cash,10,500,800,10,7200,5000,2200
O0446,05-12-2025,P005,Printer,Electronics,S003,ST002,Mysore,New,Cash,6,9800,12000,5,68400,58800,9600
O0447,06-09-2025,P005,Printer,Electronics,S003,ST002,Hyderabad,Regular,Cash,2,9800,12000,15,20400,19600,800
O0448,14-10-2025,P008,Sofa,Furniture,S007,ST003,Bangalore,Regular,Cash,10,21000,25000,0,250000,210000,40000
O0449,24-09-2025,P001,Laptop,Electronics,S001,ST002,Chennai,Regular,UPI,8,48000,55000,15,374000,384000,-10000
O0450,09-02-2025,P010,Pen Drive,Electronics,S008,ST001,Bangalore,Regular,Card,5,500,800,10,3600,2500,1100
O0451,13-06-2025,P008,Sofa,Furniture,S007,ST002,Hyderabad,New,Card,1,21000,25000,0,25000,21000,4000
O0452,17-01-2025,P001,Laptop,Electronics,S001,ST003,Hubli,New,Card,9,48000,55000,15,420750,432000,-11250
O0453,31-10-2025,P002,Mouse,Electronics,S002,ST003,Bangalore,New,Cash,6,450,700,10,3780,2700,1080
O0454,30-12-2025,P004,Monitor,Electronics,S006,ST001,Mysore,Regular,Cash,6,11800,14000,0,84000,70800,13200
O0455,20-04-2025,P005,Printer,Electronics,S003,ST001,Hyderabad,New,Card,1,9800,12000,5,11400,9800,1600
O0456,03-11-2025,P003,Keyboard,Electronics,S002,ST001,Mangalore,New,Card,3,1100,1500,0,4500,3300,1200
O0457,23-04-2025,P004,Monitor,Electronics,S006,ST003,Hubli,Regular,Card,10,11800,14000,10,126000,118000,8000
O0458,12-02-2025,P006,Office Chair,Furniture,S004,ST003,Mangalore,New,Card,6,2800,3500,15,17850,16800,1050
O0459,30-12-2025,P008,Sofa,Furniture,S007,ST003,Mysore,Regular,Card,9,21000,25000,5,213750,189000,24750
O0460,11-09-2025,P009,Cupboard,Furniture,S004,ST002,Chennai,Regular,Cash,3,15000,18000,15,45900,45000,900
O0461,02-12-2025,P010,Pen Drive,Electronics,S008,ST003,Hubli,New,Cash,10,500,800,0,8000,5000,3000
O0462,29-10-2025,P007,Office Table,Furniture,S005,ST003,Mysore,New,Cash,7,6500,8000,5,53200,45500,7700
O0463,18-07-2025,P010,Pen Drive,Electronics,S008,ST001,Hyderabad,New,UPI,1,500,800,15,680,500,180
O0464,04-11-2025,P005,Printer,Electronics,S003,ST001,Chennai,New,Card,4,9800,12000,5,45600,39200,6400
O0465,21-11-2025,P006,Office Chair,Furniture,S004,ST002,Bangalore,Regular,Card,10,2800,3500,5,33250,28000,5250
O0466,01-03-2025,P006,Office Chair,Furniture,S004,ST003,Chennai,Regular,UPI,9,2800,3500,10,28350,25200,3150
O0467,06-06-2025,P001,Laptop,Electronics,S001,ST003,Hyderabad,Regular,UPI,2,48000,55000,0,110000,96000,14000
O0468,16-02-2025,P004,Monitor,Electronics,S006,ST003,Hubli,Regular,Cash,8,11800,14000,0,112000,94400,17600
O0469,06-07-2025,P005,Printer,Electronics,S003,ST002,Chennai,Regular,UPI,4,9800,12000,15,40800,39200,1600
O0470,22-01-2025,P008,Sofa,Furniture,S007,ST002,Bangalore,New,UPI,6,21000,25000,15,127500,126000,1500
O0471,09-04-2025,P004,Monitor,Electronics,S006,ST003,Mangalore,Regular,UPI,3,11800,14000,10,37800,35400,2400
O0472,04-03-2025,P007,Office Table,Furniture,S005,ST003,Chennai,Regular,UPI,9,6500,8000,0,72000,58500,13500
O0473,15-07-2025,P008,Sofa,Furniture,S007,ST002,Mysore,New,Card,3,21000,25000,5,71250,63000,8250
O0474,27-09-2025,P010,Pen Drive,Electronics,S008,ST001,Mangalore,Regular,UPI,10,500,800,10,7200,5000,2200
O0475,08-02-2025,P006,Office Chair,Furniture,S004,ST001,Hyderabad,New,Cash,10,2800,3500,10,31500,28000,3500
O0476,25-06-2025,P009,Cupboard,Furniture,S004,ST001,Bangalore,Regular,UPI,10,15000,18000,10,162000,150000,12000
O0477,27-02-2025,P003,Keyboard,Electronics,S002,ST002,Chennai,Regular,Cash,9,1100,1500,10,12150,9900,2250
O0478,25-12-2025,P002,Mouse,Electronics,S002,ST003,Chennai,New,Card,1,450,700,10,630,450,180
O0479,26-03-2025,P006,Office Chair,Furniture,S004,ST001,Mysore,New,UPI,7,2800,3500,15,20825,19600,1225
O0480,13-03-2025,P005,Printer,Electronics,S003,ST003,Hubli,Regular,UPI,8,9800,12000,5,91200,78400,12800
O0481,24-04-2025,P006,Office Chair,Furniture,S004,ST003,Chennai,New,UPI,9,2800,3500,5,29925,25200,4725
O0482,08-11-2025,P001,Laptop,Electronics,S001,ST001,Bangalore,Regular,Card,5,48000,55000,0,275000,240000,35000
O0483,09-12-2025,P009,Cupboard,Furniture,S004,ST003,Hyderabad,Regular,Cash,5,15000,18000,15,76500,75000,1500
O0484,22-08-2025,P001,Laptop,Electronics,S001,ST002,Bangalore,New,UPI,9,48000,55000,10,445500,432000,13500
O0485,03-04-2025,P006,Office Chair,Furniture,S004,ST003,Mysore,Regular,UPI,2,2800,3500,5,6650,5600,1050
O0486,09-07-2025,P010,Pen Drive,Electronics,S008,ST003,Hubli,Regular,Card,3,500,800,0,2400,1500,900
O0487,05-10-2025,P010,Pen Drive,Electronics,S008,ST003,Mysore,New,Card,10,500,800,10,7200,5000,2200
O0488,12-12-2025,P003,Keyboard,Electronics,S002,ST001,Mangalore,Regular,UPI,2,1100,1500,10,2700,2200,500
O0489,29-01-2025,P005,Printer,Electronics,S003,ST001,Hubli,Regular,Cash,6,9800,12000,15,61200,58800,2400
O0490,16-02-2025,P005,Printer,Electronics,S003,ST002,Mangalore,Regular,Cash,4,9800,12000,0,48000,39200,8800
O0491,09-05-2025,P005,Printer,Electronics,S003,ST003,Hyderabad,New,UPI,6,9800,12000,15,61200,58800,2400
O0492,12-01-2025,P004,Monitor,Electronics,S006,ST003,Mysore,Regular,Cash,9,11800,14000,10,113400,106200,7200
O0493,20-04-2025,P006,Office Chair,Furniture,S004,ST002,Chennai,Regular,UPI,10,2800,3500,5,33250,28000,5250
O0494,04-03-2025,P010,Pen Drive,Electronics,S008,ST002,Hubli,Regular,Card,10,500,800,0,8000,5000,3000
O0495,23-09-2025,P010,Pen Drive,Electronics,S008,ST003,Chennai,Regular,UPI,1,500,800,5,760,500,260
O0496,04-07-2025,P004,Monitor,Electronics,S006,ST003,Mysore,New,Card,7,11800,14000,10,88200,82600,5600
O0497,05-02-2025,P004,Monitor,Electronics,S006,ST003,Hyderabad,New,Card,4,11800,14000,10,50400,47200,3200
O0498,26-05-2025,P004,Monitor,Electronics,S006,ST003,Bangalore,Regular,UPI,6,11800,14000,10,75600,70800,4800
O0499,26-01-2025,P004,Monitor,Electronics,S006,ST001,Mysore,New,UPI,5,11800,14000,5,66500,59000,7500
O0500,10-06-2025,P006,Office Chair,Furniture,S004,ST002,Hubli,Regular,Card,2,2800,3500,15,5950,5600,350
